CODIGO;origen;destino;fechaSalida;numero plazas;numero Pasajeros
IB2023;Lisboa;Viena;04/06/2021 09:14;120;92
VY5132;Paris;Santander;31/05/2021 07:55;133;20
VOE1866;Bérgamo;Frankfurt;04/06/2021 07:27;148;99
VY3473;Santader;Valencia;15/06/2021 09:34;196;27
VY6258;Barcelona;Oslo;23/05/2021 10:33;82;68
JK1831;Bérgamo;Reikiavik;23/06/2021 10:19;123;34
RD9691;Santader;Praga;29/06/2021 08:17;57;53
IB2612;Londres;Glasgow;29/06/2021 06:22;183;90
VY1784;Edimburgo;Colonia;23/05/2021 06:46;242;34
RD2297;Oslo;Paris;27/06/2021 09:01;71;71
IB1356;Valencia;Lisboa;08/06/2021 08:59;66;40
RD4432;Faro;Praga;14/06/2021 10:27;215;196
VY4585;Bérgamo;Moscu;20/06/2021 06:37;75;56
JK6876;Faro;Glasgow;26/05/2021 07:28;80;53
RD3812;Bruselas;Barcelona;20/05/2021 07:47;50;48
VY5156;Santader;Oporto;07/06/2021 11:06;172;26
VY6868;Bruselas;Roma;21/05/2021 08:22;228;46
VOE2136;Oporto;Viena;16/06/2021 07:17;225;32
VOE3986;Amsterdam;Sevilla;19/06/2021 10:11;119;118
RD7028;Santader;Málaga;24/05/2021 11:41;231;7
VY6914;Barcelona;Glasgow;17/05/2021 10:34;93;25
VY9207;Oporto;Jerez;26/05/2021 08:29;105;28
VOE1934;Moscu;Lisboa;15/06/2021 10:35;76;5
VY4790;Praga;Moscu;06/06/2021 09:14;197;146
VY7803;Praga;Glasgow;26/06/2021 07:01;144;121
VY6433;Paris;Reikiavik;25/05/2021 08:22;188;156
JK6776;Valencia;Faro;03/06/2021 09:01;197;12
VY9261;Valencia;Paris;16/06/2021 11:04;68;3
RD6424;Valencia;Faro;27/06/2021 08:00;59;17
VY7130;Bruselas;Roma;10/06/2021 07:54;239;237
VOE9322;Oporto;Belgrado;31/05/2021 06:04;241;46
RD1922;Bérgamo;Praga;15/06/2021 11:23;148;142
IB4144;Lisboa;Belgrado;25/06/2021 10:17;226;97
RD6070;Oslo;Bruselas;21/05/2021 06:27;84;78
RD8997;Amsterdam;Paris;05/06/2021 10:07;106;80
VY7241;Amsterdam;Bilbao;27/06/2021 09:34;198;145
IB8644;Belgrado;Lisboa;06/06/2021 09:08;166;105
JK2993;Roma;Málaga;15/06/2021 09:19;141;17
IB9646;Valencia;Praga;23/06/2021 10:55;52;13
VOE7758;Edimburgo;Dublin;12/06/2021 09:30;72;47
VOE7331;Londres;Bilbao;28/05/2021 10:28;120;11
VOE3950;Belgrado;Glasgow;04/06/2021 09:34;94;48
JK8506;Londres;Frankfurt;23/06/2021 06:15;96;55
RD5668;Bilbao;Amsterdam;16/06/2021 10:01;71;4
IB1138;Berlin;Amsterdam;23/05/2021 11:56;193;71
RD8021;Belgrado;Barcelona;12/06/2021 10:37;151;39
JK6400;Viena;Reikiavik;19/05/2021 11:12;220;145
IB5028;Barcelona;Oporto;07/06/2021 11:41;221;104
IB1229;Berlin;Sevilla;31/05/2021 09:22;203;45
VOE6856;Faro;Paris;15/06/2021 07:47;105;48
VOE9882;Reikiavik;Edimburgo;28/05/2021 09:50;179;84
RD8944;Sevilla;Faro;26/05/2021 08:22;200;10
JK5002;Dublin;Moscu;16/06/2021 08:04;221;84
RD3524;Lisboa;Málaga;22/06/2021 08:07;232;179
RD3672;Dublin;Lisboa;29/05/2021 06:41;51;26
JK9024;Jerez;Belgrado;21/06/2021 07:05;155;118
JK7871;Glasgow;Bérgamo;26/05/2021 09:41;237;126
RD8452;Belgrado;Reikiavik;28/06/2021 10:38;85;28
VOE4291;Frankfurt;Sevilla;22/05/2021 11:03;129;84
RD5384;Colonia;Glasgow;11/06/2021 06:36;250;108
RD6898;Glasgow;Faro;17/05/2021 07:21;96;66
RD3542;Bruselas;Roma;24/06/2021 10:31;191;166
VOE4321;Roma;Santander;28/05/2021 10:16;143;37
IB6675;Santander;Moscu;01/06/2021 11:13;205;45
VY6981;Londres;Dublin;31/05/2021 07:46;242;75
IB7007;Bérgamo;Santander;17/06/2021 06:28;181;165
RD2122;Colonia;Oporto;08/06/2021 11:21;122;76
VOE3592;Frankfurt;Valencia;21/05/2021 08:17;194;70
VY9046;Edimburgo;Faro;05/06/2021 06:47;161;55
VOE9700;Colonia;Bérgamo;07/06/2021 08:28;179;159
JK2230;Paris;Frankfurt;26/05/2021 11:50;121;7
JK7606;Edimburgo;Belgrado;27/05/2021 09:15;204;126
VY7784;Sevilla;Belgrado;18/06/2021 09:29;51;18
RD2188;Frankfurt;Praga;21/05/2021 06:51;160;0
JK2362;Berlin;Belgrado;07/06/2021 11:06;201;54
IB1420;Sevilla;Bilbao;11/06/2021 10:32;169;37
VY9792;Amsterdam;Roma;29/05/2021 07:41;129;98
JK4039;Oslo;Roma;24/06/2021 08:51;115;105
JK2785;Oporto;Jerez;25/06/2021 08:12;98;34
IB6443;Paris;Jerez;03/06/2021 09:28;72;14
RD8712;Santander;Frankfurt;22/05/2021 09:23;82;68
VY7949;Frankfurt;Belgrado;17/05/2021 06:10;120;108
IB1453;Bérgamo;Glasgow;03/06/2021 07:59;87;72
VY4159;Berlin;Santader;20/05/2021 10:59;204;80
RD6310;Moscu;Berlin;10/06/2021 08:08;190;150
VY2958;Viena;Frankfurt;01/06/2021 10:02;217;56
VY4638;Málaga;Berlin;20/05/2021 08:28;250;30
VY7557;Moscu;Faro;14/06/2021 09:57;219;20
JK9939;Reikiavik;Belgrado;24/05/2021 07:34;95;50
IB4716;Londres;Faro;13/06/2021 06:59;173;109
RD1435;Praga;Jerez;27/06/2021 08:03;214;101
VOE1671;Belgrado;Oslo;05/06/2021 10:57;54;35
JK5762;Oporto;Glasgow;02/06/2021 08:59;201;92
VY9898;Belgrado;Berlin;18/06/2021 08:03;174;157
IB2828;Barcelona;Colonia;29/05/2021 07:04;83;79
IB4697;Santander;Belgrado;12/06/2021 06:00;71;71
VY5426;Berlin;Santader;30/05/2021 06:39;239;146
VY2336;Oslo;Edimburgo;17/06/2021 06:13;231;30
RD1386;Roma;Colonia;14/06/2021 08:29;136;12
VY8461;Bérgamo;Glasgow;11/06/2021 10:42;159;135
VY2609;Roma;Sevilla;15/06/2021 09:05;170;143
RD4903;Oslo;Edimburgo;26/05/2021 09:33;212;89
JK2535;Viena;Berlin;21/05/2021 11:45;183;165
VOE6845;Faro;Málaga;12/06/2021 08:59;162;94
VY5253;Glasgow;Bilbao;17/05/2021 07:10;139;18
JK8151;Sevilla;Málaga;13/06/2021 08:20;224;40
VOE6714;Bruselas;Amsterdam;13/06/2021 11:29;89;31
JK1744;Moscu;Málaga;01/06/2021 10:04;135;5
VOE5677;Amsterdam;Londres;03/06/2021 07:50;177;168
VOE5689;Lisboa;Valencia;17/05/2021 10:44;162;55
VY2765;Londres;Jerez;18/05/2021 06:36;149;145
VOE1567;Jerez;Reikiavik;24/06/2021 11:39;119;61
JK4293;Praga;Jerez;03/06/2021 10:00;216;58
JK7280;Paris;Viena;04/06/2021 10:27;133;78
VOE1323;Reikiavik;Londres;31/05/2021 06:09;75;9
RD9655;Lisboa;Oslo;20/05/2021 06:12;201;60
VY1667;Santander;Roma;26/06/2021 07:22;55;53
JK3157;Valencia;Frankfurt;17/05/2021 07:15;62;45
JK2320;Frankfurt;Edimburgo;06/06/2021 09:09;226;2
JK3837;Praga;Santander;14/06/2021 06:21;131;50
VY9974;Dublin;Viena;18/06/2021 07:56;129;3
VOE1314;Faro;Colonia;05/06/2021 09:51;67;21
VOE1212;Sevilla;Amsterdam;08/06/2021 10:03;78;5
RD9450;Frankfurt;Oslo;25/05/2021 07:42;73;39
RD3912;Frankfurt;Santader;12/06/2021 10:41;112;25
VOE2956;Bérgamo;Sevilla;27/05/2021 07:43;124;94
VY2391;Bruselas;Santader;26/05/2021 06:16;197;14
VOE6625;Belgrado;Frankfurt;27/05/2021 08:47;162;0
RD4852;Lisboa;Belgrado;19/06/2021 08:06;77;37
VOE4503;Edimburgo;Reikiavik;24/05/2021 09:20;83;7
VOE9699;Bilbao;Londres;27/05/2021 09:44;99;60
IB5731;Belgrado;Moscu;23/05/2021 08:23;197;140
IB4848;Sevilla;Oporto;19/05/2021 10:57;181;14
VOE9591;Viena;Moscu;17/05/2021 08:29;141;16
VOE8955;Reikiavik;Londres;20/06/2021 10:56;93;1
RD7442;Reikiavik;Moscu;03/06/2021 11:45;200;142
IB8097;Amsterdam;Lisboa;09/06/2021 07:47;167;25
IB8989;Edimburgo;Amsterdam;06/06/2021 09:29;217;117
VOE5925;Bruselas;Roma;06/06/2021 10:02;86;70
JK8872;Bérgamo;Edimburgo;21/06/2021 09:20;179;20
JK5582;Colonia;Praga;08/06/2021 10:35;151;5
IB1057;Dublin;Paris;18/05/2021 08:06;97;97
VOE4263;Sevilla;Jerez;24/06/2021 11:51;197;154
JK1094;Moscu;Paris;01/06/2021 08:42;81;80
VY8795;Oslo;Faro;27/06/2021 06:53;188;8
IB4338;Belgrado;Dublin;26/06/2021 08:45;171;132
RD5987;Dublin;Praga;20/05/2021 09:29;116;35
JK9730;Jerez;Barcelona;15/06/2021 07:57;176;155
IB3305;Londres;Amsterdam;24/06/2021 07:47;230;87
IB4580;Colonia;Lisboa;18/06/2021 10:57;207;83
JK3275;Bilbao;Praga;15/06/2021 10:16;74;27
VY7374;Málaga;Oporto;13/06/2021 11:11;224;175
VY6584;Málaga;Jerez;04/06/2021 11:30;218;105
VOE4846;Santader;Frankfurt;05/06/2021 06:12;63;32
VY6839;Amsterdam;Londres;23/06/2021 11:53;146;98
IB7453;Reikiavik;Praga;03/06/2021 06:03;138;3
VOE8695;Bérgamo;Sevilla;14/06/2021 11:47;188;81
JK4917;Londres;Belgrado;31/05/2021 06:38;155;155
JK6474;Belgrado;Bruselas;28/06/2021 11:24;103;69
VY6690;Santander;Sevilla;16/06/2021 10:52;112;92
JK8541;Frankfurt;Roma;01/06/2021 07:49;230;131
RD3040;Valencia;Colonia;15/06/2021 10:59;104;51
VOE2382;Oporto;Lisboa;07/06/2021 06:58;185;117
VOE1558;Paris;Santader;29/06/2021 07:09;91;80
VY5110;Roma;Londres;01/06/2021 07:37;214;45
VOE3265;Santander;Oslo;16/05/2021 06:21;151;66
VOE7222;Edimburgo;Frankfurt;10/06/2021 08:40;124;102
VOE6642;Londres;Colonia;15/06/2021 10:30;137;90
JK2419;Praga;Sevilla;29/05/2021 06:31;204;88
VY2736;Jerez;Frankfurt;27/06/2021 10:04;59;50
RD1659;Santander;Sevilla;22/06/2021 06:28;236;104
VY8106;Belgrado;Berlin;23/06/2021 07:33;149;128
VY4977;Bruselas;Frankfurt;22/05/2021 06:59;75;45
IB8038;Glasgow;Bilbao;18/05/2021 10:46;184;98
IB1389;Colonia;Dublin;21/06/2021 07:21;199;135
VOE1873;Santander;Moscu;23/06/2021 07:11;198;137
VOE5474;Colonia;Lisboa;05/06/2021 11:52;75;41
JK9459;Lisboa;Belgrado;17/06/2021 11:24;247;232
IB7401;Belgrado;Santander;17/05/2021 09:13;145;90
VY9637;Glasgow;Dublin;02/06/2021 06:37;152;149
RD1040;Praga;Faro;31/05/2021 09:11;231;173
VY8775;Santander;Lisboa;08/06/2021 09:41;194;105
RD6506;Colonia;Dublin;06/06/2021 06:03;119;95
VY1700;Santander;Reikiavik;14/06/2021 08:01;64;20
JK3412;Belgrado;Santader;04/06/2021 09:49;85;44
IB8245;Glasgow;Bérgamo;03/06/2021 10:58;231;226
VY3897;Praga;Santader;19/06/2021 08:44;227;148
VOE1856;Praga;Amsterdam;29/05/2021 08:19;78;66
IB7100;Colonia;Viena;09/06/2021 09:35;193;14
JK8917;Sevilla;Berlin;19/05/2021 09:31;143;76
JK9787;Edimburgo;Praga;22/05/2021 07:44;207;178
VY1193;Viena;Praga;15/06/2021 08:26;91;10
VOE4171;Edimburgo;Reikiavik;04/06/2021 11:38;123;58
VY4681;Bruselas;Valencia;24/06/2021 06:48;203;134
JK8807;Oslo;Lisboa;07/06/2021 11:49;110;65
JK2187;Paris;Colonia;22/05/2021 11:19;187;146
IB7551;Viena;Oslo;04/06/2021 10:58;216;203
RD2545;Valencia;Roma;23/05/2021 11:13;195;148
RD5508;Oporto;Glasgow;13/06/2021 09:40;104;24
JK8485;Santander;Paris;09/06/2021 08:43;234;28
VY1576;Frankfurt;Paris;23/05/2021 06:25;99;72
VOE5253;Oslo;Praga;25/06/2021 08:47;51;39
RD8041;Viena;Moscu;23/06/2021 06:55;87;58
JK8287;Málaga;Sevilla;12/06/2021 08:50;97;83
VOE3236;Lisboa;Jerez;23/05/2021 06:35;81;70
VY1408;Frankfurt;Faro;06/06/2021 09:59;241;0
JK5946;Jerez;Moscu;17/05/2021 11:16;233;44
IB1734;Santander;Moscu;09/06/2021 08:49;60;51
RD3350;Berlin;Madrid;02/06/2021 08:16;172;134
RD7796;Londres;Barcelona;28/05/2021 10:12;173;159
VOE4217;Barcelona;Colonia;26/06/2021 09:44;53;20
VY8627;Viena;Frankfurt;17/05/2021 11:21;157;71
RD3060;Santader;Jerez;10/06/2021 06:10;126;40
RD4365;Dublin;Amsterdam;26/05/2021 08:29;147;22
RD9293;Santader;Bruselas;19/06/2021 07:51;162;19
VY7558;Amsterdam;Jerez;12/06/2021 09:49;137;11
IB6482;Viena;Frankfurt;29/06/2021 06:40;129;95
VOE4256;Sevilla;Moscu;03/06/2021 11:35;221;82
VOE1697;Bruselas;Santander;09/06/2021 10:14;176;39
RD5822;Viena;Jerez;17/06/2021 11:28;97;81
VOE9001;Faro;Oporto;28/06/2021 06:27;178;146
IB4178;Sevilla;Santader;16/05/2021 07:06;54;50
IB6228;Colonia;Belgrado;05/06/2021 06:01;79;62
VY7036;Sevilla;Bilbao;20/06/2021 11:04;180;40
VOE9791;Moscu;Sevilla;03/06/2021 07:53;176;58
IB1860;Frankfurt;Oporto;26/05/2021 09:28;121;65
RD1594;Edimburgo;Faro;17/05/2021 08:58;167;157
VY2582;Oslo;Valencia;22/05/2021 10:39;230;223
RD8799;Londres;Moscu;14/06/2021 06:45;52;45
JK8224;Amsterdam;Praga;01/06/2021 07:53;79;33
VOE2657;Viena;Bérgamo;22/06/2021 11:58;153;34
RD6742;Berlin;Viena;25/05/2021 11:08;122;10
RD9460;Praga;Málaga;22/05/2021 07:04;125;81
RD9469;Málaga;Frankfurt;09/06/2021 10:31;190;162
VOE5834;Oporto;Santader;10/06/2021 08:23;151;62
RD4070;Barcelona;Viena;11/06/2021 06:06;198;127
VY2780;Faro;Málaga;28/05/2021 11:36;197;140
JK7190;Frankfurt;Belgrado;29/06/2021 07:36;220;106
VOE6623;Sevilla;Dublin;10/06/2021 08:11;93;10
VOE3431;Reikiavik;Bruselas;18/05/2021 10:15;151;53
JK2744;Colonia;Barcelona;04/06/2021 10:07;169;164
JK6558;Dublin;Lisboa;14/06/2021 10:52;124;27
IB9419;Viena;Lisboa;17/05/2021 11:11;186;28
RD6737;Moscu;Faro;31/05/2021 08:10;222;82
IB8442;Amsterdam;Roma;28/06/2021 07:37;89;86
VY7314;Moscu;Paris;14/06/2021 11:24;186;117
RD4792;Frankfurt;Glasgow;04/06/2021 09:00;182;124
JK3681;Santader;Lisboa;19/05/2021 06:47;76;16
VY7670;Viena;Sevilla;25/06/2021 06:24;214;9
RD4677;Paris;Edimburgo;07/06/2021 06:07;162;47
IB4142;Lisboa;Jerez;06/06/2021 07:53;100;3
JK1878;Moscu;Glasgow;03/06/2021 09:34;61;9
VY9118;Jerez;Lisboa;13/06/2021 11:36;111;41
IB2356;Málaga;Sevilla;07/06/2021 08:24;106;36
VY1833;Jerez;Londres;19/05/2021 06:44;221;102
VOE9060;Paris;Bruselas;23/06/2021 11:10;143;76
IB6245;Faro;Colonia;28/06/2021 10:55;87;57
VY5574;Bilbao;Oslo;05/06/2021 10:03;98;86
JK8614;Lisboa;Madrid;23/05/2021 08:48;215;62
RD3259;Paris;Londres;19/05/2021 07:06;145;132
IB1691;Bilbao;Londres;17/05/2021 10:57;228;116
IB7022;Colonia;Glasgow;28/06/2021 10:06;103;19
VOE2088;Glasgow;Praga;19/05/2021 07:17;216;86
VOE5120;Glasgow;Bérgamo;18/05/2021 09:41;122;113
IB4320;Paris;Roma;24/06/2021 11:45;119;15
VY5168;Colonia;Praga;03/06/2021 10:43;201;111
VY1292;Viena;Sevilla;23/05/2021 09:33;138;14
JK9422;Amsterdam;Glasgow;18/05/2021 06:11;207;112
JK3210;Sevilla;Moscu;24/06/2021 09:12;105;16
VY5487;Faro;Oslo;08/06/2021 08:10;249;152
VOE6395;Santander;Amsterdam;05/06/2021 10:03;238;5
JK5485;Bilbao;Bruselas;30/05/2021 09:40;174;40
JK6302;Bruselas;Barcelona;20/06/2021 09:14;123;33
VY5274;Lisboa;Edimburgo;28/05/2021 07:10;205;127
JK3836;Belgrado;Lisboa;04/06/2021 10:56;167;147
VOE6808;Paris;Santander;19/05/2021 10:24;54;20
VY8426;Praga;Oporto;17/05/2021 10:09;200;38
RD2093;Bilbao;Valencia;12/06/2021 09:04;62;43
VY6260;Glasgow;Lisboa;28/06/2021 10:50;145;59
IB9513;Barcelona;Viena;19/06/2021 08:12;138;134
JK2403;Glasgow;Faro;27/06/2021 08:19;72;46
RD6847;Jerez;Málaga;21/05/2021 09:10;175;147
IB6683;Oslo;Reikiavik;08/06/2021 11:44;106;64
RD7936;Glasgow;Belgrado;17/06/2021 11:50;74;1
JK2262;Faro;Londres;15/06/2021 10:24;204;55
IB7696;Reikiavik;Moscu;04/06/2021 10:59;208;108
VOE6074;Barcelona;Bérgamo;27/06/2021 09:09;232;202
VY9857;Barcelona;Amsterdam;11/06/2021 08:25;171;0
VY4014;Barcelona;Paris;22/06/2021 09:11;166;80
RD3082;Barcelona;Santader;26/06/2021 08:05;59;49
IB5563;Belgrado;Santader;25/05/2021 09:29;149;22
RD8290;Oporto;Bilbao;02/06/2021 07:26;119;31
VY3063;Dublin;Sevilla;18/05/2021 10:49;53;3
VOE3559;Moscu;Barcelona;01/06/2021 09:38;188;175
IB9125;Roma;Bérgamo;19/05/2021 09:41;92;79
RD7802;Praga;Colonia;02/06/2021 11:29;208;104
VY4389;Jerez;Lisboa;17/05/2021 11:02;179;154
IB6035;Amsterdam;Belgrado;22/06/2021 10:06;85;64
JK8108;Sevilla;Belgrado;22/05/2021 11:27;57;48
VY9511;Londres;Roma;15/06/2021 11:49;99;20
VY4270;Belgrado;Amsterdam;14/06/2021 08:20;158;58
JK4471;Santander;Bruselas;08/06/2021 11:34;175;40
RD1063;Jerez;Belgrado;28/05/2021 08:29;108;9
JK3689;Santader;Reikiavik;28/06/2021 09:58;206;167
RD8711;Málaga;Lisboa;26/05/2021 10:56;99;42
JK6172;Glasgow;Edimburgo;26/06/2021 09:24;105;71
RD1958;Paris;Bilbao;28/06/2021 11:52;206;95
RD4027;Berlin;Málaga;21/06/2021 10:56;183;70
VOE6652;Londres;Santader;07/06/2021 11:53;171;0
RD3396;Bruselas;Dublin;18/05/2021 07:34;197;150
VY8322;Jerez;Valencia;29/05/2021 10:39;133;130
IB4672;Barcelona;Sevilla;29/06/2021 09:52;108;28
RD2471;Dublin;Berlin;27/05/2021 07:05;73;24
VY7910;Sevilla;Berlin;26/06/2021 11:19;207;75
VOE2435;Viena;Barcelona;09/06/2021 07:48;202;40
VOE5079;Jerez;Dublin;28/05/2021 07:06;99;30
IB5731;Moscu;Edimburgo;07/06/2021 11:42;232;81
VY8060;Bérgamo;Oslo;21/06/2021 07:50;228;50
IB1052;Belgrado;Praga;18/05/2021 06:28;92;52
VOE4362;Oporto;Bruselas;27/06/2021 09:18;121;10
IB8705;Bilbao;Bruselas;29/05/2021 11:36;142;136
VOE6413;Faro;Dublin;18/06/2021 10:55;178;141
IB8745;Barcelona;Paris;13/06/2021 08:59;220;42
VY5133;Oporto;Bilbao;10/06/2021 11:49;131;117
VY4707;Londres;Oporto;13/06/2021 08:03;102;40
JK7166;Sevilla;Amsterdam;22/05/2021 09:04;194;186
JK1706;Amsterdam;Edimburgo;30/05/2021 11:38;243;10
JK1064;Bérgamo;Faro;23/06/2021 09:42;158;32
IB1327;Praga;Edimburgo;22/06/2021 10:29;71;23
RD7981;Sevilla;Viena;29/06/2021 07:49;183;156
IB4736;Paris;Santader;26/05/2021 10:57;184;55
JK3458;Valencia;Praga;20/06/2021 09:48;181;165
IB5043;Bilbao;Oporto;24/05/2021 06:06;227;109
JK5846;Viena;Faro;29/06/2021 07:37;114;57
VY2232;Glasgow;Jerez;03/06/2021 06:36;141;102
IB8753;Colonia;Dublin;18/06/2021 07:20;145;103
VY7065;Belgrado;Colonia;10/06/2021 06:55;137;41
RD7068;Moscu;Faro;28/06/2021 10:58;246;246
RD9355;Amsterdam;Sevilla;24/05/2021 09:47;74;12
VOE8966;Belgrado;Bruselas;16/06/2021 11:58;136;22
IB4314;Berlin;Dublin;20/05/2021 09:07;210;118
VY7488;Oslo;Viena;22/06/2021 11:21;94;21
RD6604;Bilbao;Bérgamo;25/06/2021 06:00;212;180
VY8953;Faro;Dublin;30/05/2021 09:45;76;34
JK4904;Lisboa;Dublin;11/06/2021 08:59;57;5
IB4164;Santader;Edimburgo;02/06/2021 11:52;54;33
RD1106;Praga;Jerez;23/05/2021 07:26;103;79
IB5357;Sevilla;Viena;17/05/2021 06:07;58;41
JK1823;Oporto;Barcelona;08/06/2021 11:08;115;71
RD6519;Santader;Oslo;02/06/2021 09:49;231;58
VY3642;Lisboa;Bilbao;19/06/2021 06:54;139;108
JK3679;Moscu;Berlin;11/06/2021 08:55;177;50
VOE7502;Belgrado;Barcelona;17/06/2021 11:45;61;35
JK4475;Paris;Faro;08/06/2021 10:08;148;105
IB8076;Viena;Moscu;03/06/2021 09:53;115;51
JK8637;Belgrado;Valencia;02/06/2021 07:56;120;50
VY8112;Reikiavik;Bruselas;26/05/2021 06:40;171;22
VOE4297;Londres;Paris;12/06/2021 08:16;234;190
VY5996;Glasgow;Dublin;17/06/2021 10:02;107;44
RD8934;Belgrado;Sevilla;30/05/2021 10:59;231;213
RD1228;Moscu;Santader;19/05/2021 07:54;64;40
IB8419;Reikiavik;Amsterdam;20/05/2021 07:34;233;14
VOE5160;Bérgamo;Reikiavik;27/06/2021 09:17;68;60
JK3895;Londres;Faro;11/06/2021 11:13;92;3
RD3959;Reikiavik;Bérgamo;04/06/2021 07:20;179;13
RD8067;Bilbao;Málaga;26/06/2021 07:29;243;190
RD9547;Bérgamo;Amsterdam;09/06/2021 08:27;62;59
VY3259;Santander;Barcelona;24/05/2021 10:09;225;153
JK8021;Glasgow;Reikiavik;24/05/2021 10:50;192;169
IB3020;Bilbao;Berlin;29/06/2021 10:19;66;1
IB1847;Santader;Paris;24/05/2021 11:34;229;195
RD2143;Praga;Málaga;20/05/2021 07:53;246;221
VY4061;Dublin;Londres;17/06/2021 11:20;238;112
RD9312;Oslo;Santander;31/05/2021 09:53;128;56
VY2548;Málaga;Dublin;07/06/2021 07:24;179;168
VY6566;Paris;Oslo;16/05/2021 07:16;157;107
IB7471;Reikiavik;Colonia;03/06/2021 07:37;240;226
IB2091;Oporto;Santander;27/06/2021 07:17;96;4
VY1255;Santader;Frankfurt;13/06/2021 11:53;190;80
IB2115;Oslo;Frankfurt;14/06/2021 10:56;54;54
JK8350;Valencia;Praga;20/06/2021 06:24;132;8
VOE2772;Amsterdam;Jerez;01/06/2021 11:01;154;60
IB2158;Frankfurt;Moscu;18/06/2021 11:36;143;20
RD7465;Glasgow;Faro;13/06/2021 10:24;73;1
JK6945;Málaga;Edimburgo;29/05/2021 10:37;171;113
RD8629;Edimburgo;Oporto;28/06/2021 10:07;213;53
RD7844;Barcelona;Amsterdam;30/05/2021 06:25;145;128
RD7200;Reikiavik;Santader;09/06/2021 06:57;81;70
VOE2073;Moscu;Reikiavik;25/05/2021 09:14;79;8
RD1663;Barcelona;Roma;30/05/2021 10:41;234;152
RD9525;Glasgow;Belgrado;03/06/2021 10:12;175;117
JK9651;Santander;Bérgamo;24/06/2021 09:11;138;68
IB2194;Valencia;Praga;23/06/2021 09:43;210;63
VY8495;Dublin;Santander;18/06/2021 06:36;138;58
VOE9945;Viena;Bilbao;28/06/2021 10:56;154;151
VOE1774;Reikiavik;Amsterdam;10/06/2021 08:20;72;64
VOE8942;Santader;Sevilla;25/05/2021 09:34;86;81
VY5474;Oporto;Paris;18/06/2021 09:26;109;21
VY3563;Oslo;Madrid;29/06/2021 08:53;187;71
VY4513;Roma;Moscu;31/05/2021 09:08;208;64
VY1172;Praga;Santader;14/06/2021 10:20;192;188
RD7800;Dublin;Oporto;23/06/2021 06:08;76;51
RD6572;Amsterdam;Lisboa;20/06/2021 11:18;146;51
VY3047;Frankfurt;Praga;24/06/2021 11:40;125;20
RD8100;Reikiavik;Belgrado;13/06/2021 10:14;55;7
RD3578;Málaga;Glasgow;16/06/2021 07:35;51;15
VY5428;Sevilla;Barcelona;20/05/2021 06:06;204;37
RD6543;Faro;Bruselas;09/06/2021 10:56;162;49
RD8963;Belgrado;Berlin;24/06/2021 07:14;69;39
IB7982;Barcelona;Lisboa;19/06/2021 07:12;145;145
IB1892;Bérgamo;Berlin;20/05/2021 10:38;66;50
RD8594;Moscu;Jerez;27/05/2021 10:52;150;90
VY1367;Reikiavik;Edimburgo;21/05/2021 09:32;177;131
VOE8267;Lisboa;Bilbao;06/06/2021 11:12;71;29
VY1146;Santander;Bérgamo;13/06/2021 06:57;74;65
JK8502;Glasgow;Lisboa;26/06/2021 10:56;181;92
VY9781;Viena;Belgrado;25/06/2021 10:35;145;41
VOE9745;Bilbao;Berlin;23/06/2021 07:27;154;119
VOE5097;Sevilla;Málaga;19/05/2021 09:03;62;51
IB2871;Bruselas;Praga;18/06/2021 09:08;181;130
RD2779;Roma;Oslo;18/05/2021 07:56;84;57
VY3238;Bilbao;Sevilla;18/06/2021 09:45;64;64
JK1259;Valencia;Edimburgo;25/05/2021 09:50;103;62
JK4186;Jerez;Bérgamo;12/06/2021 09:49;65;5
RD5879;Santander;Glasgow;09/06/2021 11:26;189;81
VOE5686;Oslo;Amsterdam;16/06/2021 06:16;230;69
IB2060;Paris;Dublin;30/05/2021 08:18;59;55
IB3130;Paris;Jerez;26/05/2021 08:20;130;13
JK8074;Oslo;Reikiavik;10/06/2021 10:39;83;61
JK5550;Faro;Londres;20/06/2021 06:18;52;37
VY2500;Jerez;Frankfurt;28/05/2021 06:09;121;47
IB8314;Londres;Santander;26/06/2021 06:00;88;64
JK1609;Lisboa;Praga;18/05/2021 11:12;250;190
RD7347;Lisboa;Berlin;28/06/2021 08:45;245;27
IB3415;Bérgamo;Praga;29/05/2021 11:45;219;31
IB8019;Jerez;Lisboa;01/06/2021 06:21;115;31
RD4922;Santander;Sevilla;18/06/2021 10:39;90;49
IB7771;Bérgamo;Valencia;11/06/2021 07:36;97;18
VOE2652;Santander;Bilbao;06/06/2021 09:23;216;91
VOE7913;Moscu;Santander;27/06/2021 09:00;166;46
VY6446;Bruselas;Sevilla;10/06/2021 07:18;241;188
JK8584;Santader;Valencia;09/06/2021 09:50;201;54
VY7985;Valencia;Faro;17/06/2021 11:25;131;25
RD3031;Berlin;Paris;07/06/2021 09:15;130;127
JK4971;Bérgamo;Moscu;05/06/2021 09:55;70;22
VOE3825;Edimburgo;Belgrado;08/06/2021 08:15;104;70
VY5829;Reikiavik;Glasgow;28/05/2021 07:19;72;53
JK3664;Dublin;Sevilla;22/05/2021 09:37;145;54
IB6278;Oporto;Roma;26/05/2021 06:00;118;94
RD3092;Santander;Jerez;10/06/2021 11:41;191;174
RD9329;Bérgamo;Bruselas;27/06/2021 06:49;162;65
VY3220;Bérgamo;Sevilla;28/05/2021 08:19;226;142
JK6678;Berlin;Glasgow;26/05/2021 06:09;221;221
RD1785;Santader;Paris;28/06/2021 06:51;160;14
VOE2386;Roma;Viena;01/06/2021 07:20;164;130
IB6016;Frankfurt;Belgrado;26/05/2021 10:40;76;25
JK9560;Lisboa;Belgrado;23/05/2021 06:06;107;72
VY6112;Moscu;Oporto;21/06/2021 10:15;149;15
VOE2407;Frankfurt;Oporto;08/06/2021 11:10;74;26
VOE8969;Praga;Londres;19/05/2021 06:50;222;153
VOE1664;Belgrado;Valencia;01/06/2021 09:50;102;92
IB7706;Bérgamo;Berlin;11/06/2021 08:16;158;81
VOE4143;Viena;Oporto;25/05/2021 11:50;69;0
VOE7303;Dublin;Moscu;22/06/2021 09:32;109;27
JK4230;Colonia;Praga;05/06/2021 09:00;82;56
JK8466;Valencia;Bérgamo;29/05/2021 06:36;183;152
IB9181;Oporto;Dublin;18/05/2021 11:49;86;39
VOE9910;Jerez;Oporto;11/06/2021 11:11;137;15
RD4947;Amsterdam;Dublin;29/06/2021 06:42;132;28
IB8458;Bérgamo;Roma;24/06/2021 07:39;94;53
VOE4008;Málaga;Sevilla;16/06/2021 09:13;77;34
VY1980;Santander;Jerez;01/06/2021 11:02;163;37
RD6376;Sevilla;Paris;08/06/2021 10:35;237;45
JK5129;Lisboa;Bérgamo;25/06/2021 08:44;142;36
RD3623;Amsterdam;Bruselas;20/05/2021 08:41;146;35
IB9199;Barcelona;Santander;20/06/2021 08:04;113;87
IB3759;Glasgow;Paris;19/05/2021 08:00;237;137
JK1679;Bilbao;Reikiavik;07/06/2021 11:12;171;53
IB8650;Bruselas;Colonia;25/06/2021 06:24;245;47
IB7668;Bérgamo;Roma;21/05/2021 10:31;193;166
IB8091;Sevilla;Frankfurt;29/05/2021 09:25;244;215
VOE6064;Santander;Bérgamo;17/06/2021 06:32;105;24
VOE6123;Roma;Sevilla;19/05/2021 10:08;91;0
VY8505;Reikiavik;Londres;23/05/2021 07:34;106;1
VOE6256;Frankfurt;Faro;29/05/2021 07:29;124;72
VY1854;Bérgamo;Bruselas;20/05/2021 07:21;200;92
JK6828;Santander;Praga;01/06/2021 09:33;176;93
VOE9052;Santader;Moscu;27/06/2021 08:46;168;76
JK7196;Oporto;Colonia;21/06/2021 11:01;69;46
VY3879;Jerez;Amsterdam;16/05/2021 11:51;208;106
VY1907;Bilbao;Jerez;03/06/2021 08:57;81;78
RD8133;Belgrado;Bilbao;16/05/2021 07:01;169;22
VOE6192;Dublin;Málaga;07/06/2021 10:28;199;90
RD8206;Sevilla;Dublin;13/06/2021 11:10;163;33
IB5667;Santander;Madrid;10/06/2021 11:01;207;25
IB7427;Bérgamo;Glasgow;20/05/2021 10:48;92;86
JK2085;Sevilla;Edimburgo;07/06/2021 11:35;147;56
IB5359;Edimburgo;Lisboa;16/06/2021 10:05;180;144
VOE5478;Jerez;Bruselas;18/05/2021 08:45;168;146
VOE1515;Jerez;Málaga;19/05/2021 07:05;85;77
VY9270;Oslo;Reikiavik;10/06/2021 07:48;215;176
JK1433;Santander;Moscu;31/05/2021 08:54;64;61
VOE2234;Jerez;Amsterdam;21/06/2021 09:55;193;19
IB7772;Reikiavik;Viena;19/05/2021 10:14;145;28
IB6175;Sevilla;Bilbao;20/06/2021 07:45;200;88
VY1592;Bilbao;Oslo;17/05/2021 09:13;206;130
RD8628;Bilbao;Praga;18/06/2021 06:20;229;60
JK5118;Amsterdam;Moscu;22/06/2021 06:14;214;190
JK9572;Reikiavik;Jerez;04/06/2021 06:28;187;60
VY4618;Oporto;Oslo;17/05/2021 11:50;85;81
VY1969;Belgrado;Bilbao;07/06/2021 09:09;76;2
VOE6613;Colonia;Edimburgo;05/06/2021 08:49;79;65
IB9527;Roma;Sevilla;22/05/2021 06:10;233;37
VY5889;Faro;Bilbao;28/05/2021 08:19;183;55
VOE6406;Frankfurt;Berlin;17/06/2021 06:53;214;173
IB5209;Sevilla;Barcelona;27/06/2021 09:35;149;66
JK5181;Oporto;Santader;17/05/2021 07:02;220;4
VOE7288;Frankfurt;Bruselas;27/05/2021 10:35;104;68
VOE5044;Oslo;Dublin;29/05/2021 10:03;223;60
RD4100;Sevilla;Berlin;29/05/2021 07:12;134;134
VOE1157;Amsterdam;Dublin;28/05/2021 07:55;224;213
JK1702;Dublin;Londres;03/06/2021 10:18;229;2
VY5164;Colonia;Málaga;05/06/2021 11:29;248;87
RD6357;Oslo;Valencia;08/06/2021 08:02;143;63
RD1910;Faro;Berlin;22/06/2021 10:03;62;11
RD2752;Valencia;Santander;20/05/2021 10:13;166;63
RD7878;Valencia;Bilbao;29/05/2021 10:37;198;103
RD8783;Barcelona;Glasgow;22/05/2021 11:18;211;89
JK2492;Sevilla;Glasgow;07/06/2021 06:31;204;98
VOE6557;Faro;Lisboa;01/06/2021 06:08;123;89
VOE7822;Málaga;Roma;17/06/2021 10:35;94;33
VY9717;Roma;Colonia;21/06/2021 06:15;166;154
VY3252;Praga;Colonia;25/05/2021 10:51;162;53
IB9808;Bilbao;Sevilla;31/05/2021 11:32;114;104
VY1405;Faro;Santander;21/06/2021 06:55;77;1
VY4894;Edimburgo;Moscu;25/05/2021 11:54;246;101
JK8907;Amsterdam;Santader;27/06/2021 08:53;146;83
IB9723;Reikiavik;Dublin;20/06/2021 11:06;136;49
IB6710;Glasgow;Santander;24/06/2021 06:19;173;19
IB1393;Colonia;Edimburgo;19/05/2021 11:54;61;37
RD6414;Faro;Oslo;29/05/2021 09:52;154;86
RD6119;Dublin;Santader;25/05/2021 10:33;226;102
VOE7986;Berlin;Lisboa;04/06/2021 10:44;163;7
IB6649;Málaga;Berlin;20/05/2021 09:16;191;46
VOE7232;Dublin;Edimburgo;29/05/2021 09:06;89;83
IB9604;Glasgow;Jerez;29/05/2021 07:21;133;88
RD2780;Jerez;Paris;19/05/2021 06:24;52;46
RD2152;Bérgamo;Moscu;03/06/2021 06:17;222;80
VOE5600;Lisboa;Santader;07/06/2021 08:25;100;71
IB7849;Colonia;Faro;03/06/2021 08:03;158;58
IB4962;Santader;Bérgamo;12/06/2021 09:08;239;96
JK2738;Sevilla;Faro;27/06/2021 07:16;180;119
RD9696;Bruselas;Santader;07/06/2021 06:36;199;44
RD7495;Bruselas;Málaga;02/06/2021 07:42;65;20
VY8106;Moscu;Colonia;29/05/2021 07:08;200;60
IB8734;Reikiavik;Madrid;11/06/2021 10:17;193;8
IB8744;Berlin;Glasgow;27/06/2021 10:12;249;212
IB8781;Roma;Faro;31/05/2021 10:27;152;116
JK3786;Málaga;Santander;24/05/2021 09:17;164;133
JK7961;Viena;Barcelona;29/06/2021 10:27;145;119
RD6071;Glasgow;Berlin;14/06/2021 07:55;137;97
RD3035;Oslo;Bruselas;09/06/2021 09:18;134;3
IB7492;Glasgow;Berlin;16/06/2021 06:18;112;95
IB4758;Jerez;Colonia;17/06/2021 07:28;125;121
JK4629;Valencia;Málaga;19/05/2021 08:00;246;116
VY5820;Málaga;Bérgamo;23/05/2021 08:32;139;47
IB8770;Paris;Moscu;21/06/2021 09:26;148;141
IB9991;Reikiavik;Sevilla;03/06/2021 11:30;169;15
VOE1450;Barcelona;Glasgow;19/06/2021 07:33;232;123
VOE5911;Sevilla;Glasgow;06/06/2021 07:49;54;53
VOE7077;Reikiavik;Sevilla;09/06/2021 06:30;78;37
RD5127;Praga;Bérgamo;28/06/2021 11:43;234;47
IB7459;Oporto;Belgrado;07/06/2021 06:24;166;33
VOE7995;Frankfurt;Bérgamo;27/05/2021 08:48;147;144
RD4886;Glasgow;Londres;19/06/2021 08:58;160;3
VOE4277;Dublin;Reikiavik;20/06/2021 11:14;166;144
IB4027;Colonia;Lisboa;06/06/2021 10:46;151;14
VOE9094;Lisboa;Bérgamo;22/06/2021 09:07;50;38
VOE5216;Colonia;Paris;11/06/2021 06:37;213;26
IB7686;Praga;Londres;10/06/2021 08:55;241;164
JK9825;Colonia;Faro;26/05/2021 10:55;180;0
RD5092;Roma;Moscu;15/06/2021 11:10;217;145
RD3161;Dublin;Londres;20/05/2021 07:53;78;60
RD5802;Málaga;Praga;28/05/2021 09:32;103;19
RD7568;Faro;Dublin;09/06/2021 06:26;239;148
RD4350;Barcelona;Paris;20/06/2021 09:39;193;118
JK1563;Málaga;Praga;15/06/2021 10:58;142;71
VY6448;Amsterdam;Santander;22/05/2021 11:40;145;26
VY4260;Santander;Paris;08/06/2021 09:17;206;185
VY8986;Oslo;Dublin;19/05/2021 10:48;108;43
JK5549;Roma;Reikiavik;28/05/2021 11:15;66;38
JK9238;Moscu;Barcelona;30/05/2021 08:30;202;46
VY7118;Oslo;Santader;17/06/2021 09:58;82;34
VY4125;Sevilla;Glasgow;13/06/2021 10:59;108;103
VY1909;Sevilla;Glasgow;20/05/2021 11:06;99;36
VY8114;Amsterdam;Reikiavik;29/05/2021 09:57;61;31
IB7159;Málaga;Paris;27/05/2021 07:37;107;3
VOE3362;Santader;Sevilla;01/06/2021 10:24;90;5
RD7990;Santander;Oslo;23/05/2021 06:43;138;115
JK8404;Dublin;Belgrado;24/05/2021 09:37;247;124
JK7381;Moscu;Frankfurt;10/06/2021 06:59;80;4
JK3042;Bruselas;Málaga;30/05/2021 11:45;226;72
VY8659;Amsterdam;Bérgamo;18/06/2021 11:16;196;94
JK8994;Paris;Bilbao;20/06/2021 07:03;149;103
RD7783;Bérgamo;Jerez;24/06/2021 09:26;87;33
JK3286;Paris;Oporto;06/06/2021 06:56;237;31
JK2468;Santader;Bruselas;25/05/2021 07:59;96;12
RD2048;Amsterdam;Paris;06/06/2021 06:14;67;20
IB6227;Lisboa;Santader;21/06/2021 10:56;175;166
RD9281;Faro;Edimburgo;19/06/2021 06:29;60;31
JK5620;Paris;Roma;03/06/2021 09:12;112;94
JK3547;Lisboa;Bérgamo;28/05/2021 06:50;235;212
VY1007;Lisboa;Dublin;18/05/2021 06:08;205;6
JK4066;Bérgamo;Barcelona;17/06/2021 06:10;109;10
RD1474;Málaga;Paris;28/05/2021 10:28;163;29
RD7738;Lisboa;Dublin;28/05/2021 08:02;104;20
IB3470;Sevilla;Moscu;21/05/2021 11:49;148;101
JK9117;Londres;Faro;20/05/2021 10:10;159;48
IB5410;Jerez;Dublin;06/06/2021 08:09;179;107
RD8056;Santander;Faro;27/05/2021 06:46;191;181
JK3850;Amsterdam;Valencia;27/05/2021 09:53;117;76
IB4398;Barcelona;Praga;16/05/2021 10:58;155;70
RD1334;Glasgow;Praga;13/06/2021 11:51;70;11
RD4314;Londres;Oporto;19/06/2021 10:13;87;64
VY1971;Bérgamo;Bilbao;12/06/2021 06:00;217;61
JK1542;Edimburgo;Frankfurt;29/06/2021 11:45;54;23
IB8599;Amsterdam;Madrid;24/06/2021 11:43;91;75
IB1802;Bruselas;Berlin;12/06/2021 07:56;69;35
JK5409;Sevilla;Dublin;14/06/2021 09:06;228;123
RD4125;Viena;Valencia;02/06/2021 08:13;207;122
VOE9709;Oporto;Praga;21/06/2021 08:30;157;88
JK2325;Sevilla;Oslo;22/05/2021 06:22;81;75
RD2761;Barcelona;Málaga;24/05/2021 07:16;199;157
IB9137;Bilbao;Reikiavik;17/06/2021 08:11;230;37
VY2831;Praga;Sevilla;17/06/2021 06:30;117;94
IB5380;Sevilla;Jerez;25/05/2021 08:56;89;79
VOE6739;Oslo;Berlin;19/06/2021 11:47;96;96
VY6969;Bérgamo;Oslo;06/06/2021 06:15;229;227
JK5657;Praga;Oslo;07/06/2021 09:10;206;163
JK8592;Santander;Reikiavik;24/06/2021 09:24;247;237
JK3871;Sevilla;Amsterdam;15/06/2021 07:17;241;67
VY5377;Dublin;Jerez;08/06/2021 10:33;201;131
JK8911;Santander;Dublin;10/06/2021 06:28;105;82
VY7852;Praga;Faro;21/05/2021 10:59;89;1
VY1845;Londres;Moscu;26/06/2021 10:07;142;64
JK3788;Praga;Bérgamo;11/06/2021 10:05;162;83
IB6461;Valencia;Colonia;17/05/2021 08:03;193;54
RD5675;Frankfurt;Málaga;21/06/2021 11:12;72;22
JK4045;Santader;Amsterdam;19/05/2021 10:47;157;122
IB2612;Edimburgo;Santander;14/06/2021 09:12;244;120
RD2345;Roma;Edimburgo;19/06/2021 07:49;190;23
RD6039;Reikiavik;Londres;17/05/2021 07:12;78;41
VY6253;Moscu;Roma;07/06/2021 06:26;240;168
RD9047;Santader;Glasgow;09/06/2021 07:36;62;23
VY5335;Santander;Amsterdam;27/05/2021 11:25;187;86
VOE7178;Valencia;Sevilla;16/05/2021 11:26;173;145
JK2549;Glasgow;Edimburgo;13/06/2021 11:08;200;24
VY1808;Oporto;Oslo;17/05/2021 11:50;183;104
VOE6216;Bilbao;Edimburgo;11/06/2021 10:27;197;30
RD1892;Barcelona;Dublin;25/06/2021 06:43;114;25
VOE9775;Oslo;Jerez;01/06/2021 09:42;223;134
RD8576;Frankfurt;Bilbao;26/06/2021 07:32;197;175
VY6412;Santader;Londres;08/06/2021 08:05;128;27
VY5316;Frankfurt;Valencia;23/06/2021 09:59;213;149
RD5153;Glasgow;Viena;15/06/2021 11:07;200;64
VOE5948;Málaga;Paris;29/06/2021 08:46;182;22
VY5938;Roma;Sevilla;03/06/2021 07:01;236;38
IB2508;Lisboa;Jerez;08/06/2021 11:34;247;168
VY9091;Oslo;Lisboa;24/05/2021 09:10;216;127
RD3947;Bruselas;Colonia;27/06/2021 08:38;73;53
RD6622;Bérgamo;Santader;08/06/2021 11:20;177;127
JK1759;Santander;Amsterdam;03/06/2021 09:02;111;79
VOE6656;Málaga;Dublin;29/05/2021 07:35;248;218
VY8105;Londres;Bérgamo;19/06/2021 08:10;182;175
RD7984;Sevilla;Roma;25/06/2021 10:13;105;30
RD6723;Belgrado;Valencia;18/05/2021 07:37;185;155
JK2689;Reikiavik;Frankfurt;31/05/2021 06:25;157;94
JK4328;Valencia;Glasgow;07/06/2021 07:00;93;93
JK5898;Sevilla;Bérgamo;09/06/2021 10:17;62;62
IB4043;Bilbao;Bérgamo;20/05/2021 11:29;174;84
VOE5897;Londres;Málaga;02/06/2021 11:09;149;106
VY5773;Jerez;Lisboa;09/06/2021 11:10;169;39
IB4623;Londres;Bruselas;24/05/2021 07:42;109;38
VOE1008;Berlin;Barcelona;30/05/2021 07:13;59;54
VY2645;Santader;Faro;24/06/2021 10:44;223;207
RD5572;Moscu;Barcelona;01/06/2021 06:39;152;131
VY7318;Dublin;Viena;07/06/2021 10:05;175;58
IB1672;Santader;Colonia;28/06/2021 06:26;226;206
VY5132;Roma;Sevilla;24/05/2021 06:00;150;56
VOE6946;Colonia;Santander;23/06/2021 11:52;190;163
RD3619;Oporto;Roma;23/06/2021 07:47;164;92
JK5189;Colonia;Oslo;04/06/2021 06:26;99;6
VOE8419;Reikiavik;Sevilla;11/06/2021 08:08;200;198
JK5270;Glasgow;Amsterdam;29/05/2021 10:48;206;12
IB7777;Oporto;Colonia;02/06/2021 08:29;221;183
VY3821;Paris;Glasgow;23/05/2021 10:37;233;54
VOE3378;Frankfurt;Londres;03/06/2021 09:53;163;152
VY1481;Londres;Sevilla;25/06/2021 09:34;51;18
VOE2791;Sevilla;Faro;03/06/2021 11:58;182;71
RD6237;Valencia;Málaga;27/05/2021 10:37;98;92
VY1785;Santader;Bilbao;21/06/2021 10:46;187;116
VOE2519;Valencia;Sevilla;17/06/2021 06:18;200;124
IB2283;Colonia;Sevilla;29/05/2021 11:42;110;84
VOE1062;Praga;Bérgamo;03/06/2021 11:32;165;56
RD8627;Faro;Málaga;03/06/2021 08:49;212;32
VY8801;Sevilla;Lisboa;30/05/2021 07:56;59;31
IB5351;Belgrado;Jerez;17/05/2021 06:08;84;50
RD3167;Moscu;Dublin;22/05/2021 07:53;132;73
RD2717;Bérgamo;Viena;19/05/2021 09:00;226;122
JK8333;Barcelona;Colonia;19/06/2021 06:05;146;91
RD3609;Amsterdam;Belgrado;28/06/2021 06:14;113;23
VY6278;Sevilla;Edimburgo;21/06/2021 08:32;244;73
IB1291;Barcelona;Bérgamo;23/05/2021 08:54;161;31
IB6163;Paris;Bérgamo;24/05/2021 09:18;103;97
IB8038;Roma;Bérgamo;19/06/2021 11:41;156;62
RD4048;Roma;Valencia;21/05/2021 06:31;179;154
JK2558;Reikiavik;Roma;18/05/2021 10:19;136;88
RD7024;Oporto;Bilbao;07/06/2021 09:00;211;2
VOE9364;Bilbao;Barcelona;18/06/2021 06:12;237;17
IB6097;Berlin;Santader;09/06/2021 10:11;93;35
VY5793;Edimburgo;Sevilla;13/06/2021 11:52;194;188
RD3209;Lisboa;Moscu;24/06/2021 11:19;154;149
VOE1072;Sevilla;Santander;16/05/2021 10:29;124;58
RD5689;Berlin;Reikiavik;30/05/2021 11:16;202;125
VY7165;Frankfurt;Belgrado;20/05/2021 09:29;168;30
VOE1540;Faro;Londres;05/06/2021 06:21;224;132
IB8114;Valencia;Lisboa;09/06/2021 09:33;147;1
VY4420;Viena;Santander;16/05/2021 11:45;120;10
VY3686;Bérgamo;Sevilla;01/06/2021 10:46;67;5
IB5292;Santader;Faro;16/06/2021 09:15;151;142
IB5855;Sevilla;Viena;28/06/2021 09:12;108;82
RD6791;Lisboa;Jerez;03/06/2021 07:08;70;41
VOE2071;Bérgamo;Reikiavik;23/05/2021 11:01;58;8
VOE1319;Oporto;Dublin;29/06/2021 11:55;227;138
VY6782;Glasgow;Santander;17/05/2021 06:00;226;183
RD7823;Colonia;Berlin;23/05/2021 11:54;114;108
RD1950;Oslo;Paris;03/06/2021 11:48;231;109
VOE3454;Dublin;Santader;19/05/2021 10:25;158;76
JK9900;Praga;Oslo;27/06/2021 07:17;140;95
IB7657;Praga;Faro;29/05/2021 08:13;107;44
VY5512;Viena;Amsterdam;17/06/2021 08:08;117;21
VOE7973;Jerez;Faro;04/06/2021 10:35;78;25
JK1051;Oporto;Sevilla;18/06/2021 09:12;133;74
VY5267;Sevilla;Viena;12/06/2021 06:38;185;120
JK9041;Málaga;Edimburgo;07/06/2021 09:13;170;29
VY7426;Sevilla;Frankfurt;22/06/2021 09:02;142;60
JK5282;Oslo;Madrid;02/06/2021 07:49;188;26
RD8867;Lisboa;Sevilla;26/05/2021 11:23;90;65
IB2385;Glasgow;Santader;12/06/2021 08:16;83;17
RD8764;Valencia;Bilbao;20/05/2021 11:46;98;19
VY8408;Colonia;Bérgamo;29/06/2021 06:22;189;2
VOE7383;Jerez;Oslo;08/06/2021 07:47;160;48
VOE6914;Lisboa;Berlin;07/06/2021 06:22;105;91
RD2429;Santander;Sevilla;25/06/2021 09:12;204;137
IB1873;Barcelona;Viena;11/06/2021 10:15;128;42
JK5316;Praga;Oslo;09/06/2021 09:21;190;162
VY2278;Oslo;Bruselas;08/06/2021 11:18;97;29
JK8106;Viena;Bérgamo;05/06/2021 07:41;236;205
VY3017;Oporto;Roma;24/06/2021 08:15;210;145
VOE7935;Lisboa;Frankfurt;15/06/2021 10:52;182;151
RD8486;Bilbao;Santader;13/06/2021 10:31;98;87
JK7391;Sevilla;Santander;31/05/2021 10:56;170;165
IB2213;Roma;Faro;05/06/2021 06:34;222;193
VY3623;Sevilla;Edimburgo;18/05/2021 09:55;78;55
VY9899;Sevilla;Lisboa;24/06/2021 09:17;174;137
VOE2191;Sevilla;Viena;31/05/2021 08:00;136;8
VY7439;Moscu;Sevilla;31/05/2021 09:07;110;50
VOE5620;Santander;Oslo;20/05/2021 06:32;249;209
RD9901;Jerez;Moscu;14/06/2021 07:23;218;94
JK3425;Lisboa;Madrid;15/06/2021 09:09;79;21
RD7570;Santader;Dublin;18/05/2021 06:40;99;51
IB4409;Frankfurt;Roma;22/06/2021 08:16;152;135
JK2712;Viena;Dublin;24/06/2021 11:16;173;95
JK4457;Moscu;Sevilla;23/05/2021 07:24;167;5
IB7581;Bilbao;Glasgow;29/06/2021 10:33;239;194
VOE1914;Sevilla;Amsterdam;03/06/2021 09:05;135;84
RD9807;Sevilla;Santader;23/06/2021 09:40;80;2
JK9028;Londres;Bérgamo;24/06/2021 11:05;170;100
VY7706;Barcelona;Viena;27/06/2021 08:17;175;37
IB6117;Viena;Barcelona;14/06/2021 09:46;62;56
VOE4596;Amsterdam;Lisboa;27/05/2021 07:25;129;59
JK3330;Viena;Belgrado;13/06/2021 07:41;171;31
IB2766;Bilbao;Belgrado;25/06/2021 09:12;225;198
VOE3134;Londres;Bilbao;27/06/2021 08:54;209;4
JK9257;Dublin;Belgrado;09/06/2021 06:25;67;48
VOE1192;Colonia;Oslo;21/06/2021 10:23;56;51
VOE1150;Santader;Berlin;18/05/2021 08:29;86;9
RD8532;Jerez;Oslo;29/05/2021 11:10;88;83
VOE2429;Sevilla;Roma;21/05/2021 11:56;58;12
JK5150;Colonia;Málaga;17/06/2021 11:36;60;47
VY7549;Bérgamo;Valencia;04/06/2021 09:12;182;33
VOE1359;Faro;Roma;29/06/2021 07:09;192;48
VY2519;Santader;Oslo;24/05/2021 11:08;194;66
RD9921;Valencia;Bruselas;31/05/2021 09:53;142;131
VY5243;Málaga;Bilbao;10/06/2021 09:14;197;167
RD2470;Viena;Bilbao;21/06/2021 10:32;225;16
JK2722;Barcelona;Jerez;25/05/2021 08:01;70;29
IB9537;Roma;Málaga;21/06/2021 11:15;142;84
VOE7682;Edimburgo;Oslo;27/05/2021 06:12;101;85
VOE6052;Viena;Oporto;15/06/2021 07:15;151;106
IB4644;Bilbao;Barcelona;01/06/2021 07:25;100;22
IB4989;Roma;Reikiavik;09/06/2021 06:45;162;118
VY7241;Dublin;Santander;19/05/2021 08:28;132;49
VOE8533;Bilbao;Paris;27/06/2021 10:07;131;0
VY5929;Sevilla;Roma;22/06/2021 08:48;176;67
IB2503;Viena;Jerez;18/05/2021 09:48;244;198
VOE9331;Faro;Berlin;26/05/2021 11:40;155;109
VY2835;Roma;Edimburgo;12/06/2021 06:54;83;39
VY6191;Barcelona;Frankfurt;15/06/2021 06:21;67;36
RD8602;Bruselas;Reikiavik;11/06/2021 06:55;132;78
VY4634;Bilbao;Amsterdam;06/06/2021 09:14;141;121
JK7671;Oporto;Londres;17/06/2021 08:29;53;9
RD8886;Santader;Colonia;10/06/2021 08:45;181;119
VOE5991;Reikiavik;Lisboa;19/05/2021 08:04;124;71
VOE5308;Sevilla;Málaga;22/06/2021 11:51;177;154
VOE9287;Jerez;Glasgow;19/05/2021 10:49;230;212
RD5111;Barcelona;Paris;25/06/2021 08:05;183;168
VY6002;Frankfurt;Oporto;30/05/2021 07:01;62;18
IB2495;Barcelona;Roma;21/06/2021 06:03;215;157
VOE2146;Praga;Oporto;17/06/2021 06:55;202;103
RD7447;Málaga;Oporto;03/06/2021 07:30;206;113
RD5184;Edimburgo;Bilbao;21/05/2021 09:55;96;12
JK1280;Faro;Reikiavik;18/05/2021 06:47;227;91
VOE9487;Viena;Glasgow;23/06/2021 11:51;138;57
IB7848;Moscu;Glasgow;21/05/2021 06:08;207;99
VOE7321;Santander;Barcelona;02/06/2021 08:26;193;189
VY4546;Barcelona;Moscu;20/05/2021 07:02;113;41
JK3564;Sevilla;Reikiavik;26/05/2021 07:04;76;72
JK2112;Jerez;Belgrado;15/06/2021 08:52;69;64
JK3811;Amsterdam;Reikiavik;01/06/2021 08:29;185;131
VY6315;Faro;Sevilla;19/05/2021 09:36;247;203
VY7054;Oslo;Dublin;28/05/2021 11:22;191;134
JK6355;Santander;Sevilla;02/06/2021 08:17;73;30
VOE9223;Santander;Londres;30/05/2021 10:15;248;122
VY2666;Glasgow;Sevilla;10/06/2021 10:36;54;53
JK2167;Sevilla;Bilbao;17/06/2021 07:44;182;122
VOE9770;Oporto;Amsterdam;02/06/2021 11:21;118;53
JK2332;Amsterdam;Edimburgo;23/06/2021 11:08;53;2
VOE6120;Roma;Bilbao;29/05/2021 09:09;174;106
VOE5576;Dublin;Praga;19/06/2021 07:30;179;93
JK9172;Lisboa;Praga;26/06/2021 09:27;121;69
IB8723;Paris;Belgrado;06/06/2021 10:57;116;48
VOE2426;Amsterdam;Praga;18/06/2021 06:34;143;100
VY2146;Moscu;Santader;11/06/2021 09:14;178;144
IB8242;Praga;Viena;27/05/2021 06:24;56;36
VOE1506;Oslo;Colonia;05/06/2021 11:22;197;167
JK6970;Oporto;Londres;26/06/2021 06:38;121;24
JK1277;Moscu;Jerez;28/05/2021 08:07;225;72
VY4532;Valencia;Colonia;21/05/2021 09:17;154;43
JK6722;Santander;Oporto;04/06/2021 09:14;108;27
IB7501;Faro;Reikiavik;17/06/2021 06:27;150;35
IB1093;Paris;Edimburgo;06/06/2021 11:14;64;22
RD1549;Colonia;Dublin;20/05/2021 06:15;233;42
RD7149;Santader;Dublin;10/06/2021 11:25;140;10
RD5773;Glasgow;Dublin;24/06/2021 08:22;170;24
RD5410;Bilbao;Glasgow;22/05/2021 08:13;158;82
IB8112;Bilbao;Jerez;13/06/2021 07:05;150;138
RD4941;Colonia;Jerez;15/06/2021 06:32;233;144
IB6262;Bilbao;Roma;01/06/2021 08:56;173;149
VOE2187;Paris;Bilbao;13/06/2021 06:53;159;111
VOE7799;Glasgow;Londres;24/06/2021 09:16;240;154
VOE6033;Santader;Sevilla;30/05/2021 10:27;62;19
VY7270;Praga;Edimburgo;29/05/2021 06:22;77;39
JK7748;Jerez;Colonia;28/06/2021 09:54;225;133
JK1823;Berlin;Santander;21/06/2021 08:43;225;63
IB5367;Bérgamo;Barcelona;29/06/2021 07:44;80;21
RD2118;Sevilla;Faro;28/05/2021 10:53;78;28
RD5564;Valencia;Santander;21/06/2021 07:13;232;137
JK1706;Sevilla;Bruselas;16/05/2021 08:01;91;49
VY1604;Barcelona;Viena;26/06/2021 09:12;135;68
IB6565;Londres;Oporto;16/06/2021 06:27;239;208
VOE4548;Frankfurt;Bérgamo;14/06/2021 07:08;231;148
IB4162;Lisboa;Santader;18/06/2021 10:34;175;110
IB8564;Santander;Barcelona;24/05/2021 06:14;185;87
JK8721;Jerez;Bilbao;26/05/2021 11:30;116;100
RD8787;Barcelona;Paris;27/06/2021 11:39;63;39
IB6594;Faro;Santander;09/06/2021 07:29;197;126
RD7801;Moscu;Oporto;25/06/2021 09:37;225;23
IB8991;Sevilla;Santander;24/06/2021 09:51;54;50
IB8893;Málaga;Santander;29/06/2021 06:08;74;25
RD4955;Barcelona;Edimburgo;09/06/2021 09:18;213;183
JK1964;Amsterdam;Belgrado;19/06/2021 07:31;133;35
VOE5834;Glasgow;Roma;22/06/2021 07:59;120;25
RD3317;Reikiavik;Jerez;12/06/2021 10:49;103;67
JK9729;Lisboa;Jerez;26/05/2021 07:46;91;6
VOE7436;Barcelona;Oslo;19/05/2021 11:14;207;172
VY2122;Bruselas;Glasgow;17/05/2021 06:45;147;147
RD7318;Roma;Moscu;20/06/2021 07:39;61;14
RD3095;Reikiavik;Sevilla;23/06/2021 06:37;199;111
RD1842;Belgrado;Edimburgo;21/06/2021 10:43;170;51
JK8060;Berlin;Faro;26/06/2021 08:12;82;39
IB3733;Oslo;Edimburgo;08/06/2021 10:03;212;55
RD2678;Paris;Colonia;22/05/2021 09:35;94;51
VOE2038;Moscu;Bérgamo;18/05/2021 09:50;133;59
VOE7607;Santader;Belgrado;18/05/2021 09:56;236;222
IB2155;Reikiavik;Frankfurt;06/06/2021 08:49;119;90
IB7785;Lisboa;Londres;15/06/2021 11:49;103;101
VOE6549;Santader;Belgrado;20/05/2021 06:14;50;37
VOE8302;Jerez;Reikiavik;29/05/2021 06:14;170;17
VOE7968;Bruselas;Paris;16/05/2021 11:23;157;122
JK9277;Santander;Lisboa;09/06/2021 08:45;131;101
JK1723;Frankfurt;Jerez;05/06/2021 10:39;122;115
JK4520;Berlin;Faro;12/06/2021 09:14;158;117
VOE3441;Lisboa;Sevilla;19/05/2021 09:50;206;187
VY1793;Paris;Bruselas;01/06/2021 11:36;194;27
IB6231;Santader;Valencia;16/06/2021 11:40;135;117
RD9286;Oslo;Moscu;03/06/2021 09:17;152;126
VOE9380;Barcelona;Colonia;05/06/2021 09:14;151;91
IB1804;Roma;Bruselas;14/06/2021 09:13;51;49
RD4570;Praga;Valencia;10/06/2021 10:38;247;168
JK8582;Bruselas;Glasgow;11/06/2021 06:06;140;53
IB3094;Berlin;Amsterdam;19/05/2021 07:44;66;65
RD6657;Amsterdam;Málaga;26/05/2021 09:41;178;103
VY8528;Frankfurt;Reikiavik;29/05/2021 07:58;51;1
VOE1564;Frankfurt;Faro;14/06/2021 06:47;168;144
RD7541;Reikiavik;Edimburgo;26/06/2021 07:05;159;38
VOE5499;Bérgamo;Roma;25/06/2021 10:46;149;80
VOE3286;Barcelona;Reikiavik;14/06/2021 09:32;225;151
RD4708;Praga;Amsterdam;01/06/2021 10:29;125;29
VOE9609;Jerez;Sevilla;25/06/2021 07:06;175;18
IB4258;Sevilla;Roma;27/05/2021 07:21;71;17
IB8635;Viena;Frankfurt;13/06/2021 08:44;69;48
VOE8831;Lisboa;Bilbao;30/05/2021 09:27;135;31
RD9132;Sevilla;Moscu;05/06/2021 06:17;72;34
VOE4622;Edimburgo;Oporto;23/06/2021 11:06;99;65
VOE9936;Paris;Praga;09/06/2021 11:00;217;195
IB2730;Praga;Viena;21/06/2021 06:09;113;97
VY9689;Praga;Bruselas;10/06/2021 09:16;125;18
VY6515;Málaga;Valencia;31/05/2021 07:18;132;51
VY3623;Santander;Amsterdam;20/05/2021 10:33;111;14
JK6877;Barcelona;Belgrado;14/06/2021 11:35;180;41
VY3027;Santander;Frankfurt;21/05/2021 09:08;92;83
VY3736;Edimburgo;Faro;10/06/2021 09:10;240;197
VY5518;Lisboa;Sevilla;22/05/2021 06:54;190;68
RD6406;Berlin;Frankfurt;28/06/2021 10:46;81;75
RD2563;Roma;Amsterdam;06/06/2021 10:02;231;187
VOE9581;Santader;Madrid;25/06/2021 08:04;86;9
VOE8580;Londres;Frankfurt;01/06/2021 10:19;198;164
JK9411;Reikiavik;Oslo;13/06/2021 11:40;92;17
IB3810;Santader;Roma;11/06/2021 07:32;72;18
RD3393;Oporto;Amsterdam;18/06/2021 06:29;80;5
VY6850;Belgrado;Viena;02/06/2021 11:44;136;112
VOE3797;Sevilla;Santander;11/06/2021 08:31;88;40
VOE6126;Lisboa;Valencia;23/06/2021 06:38;98;21
VY2219;Faro;Barcelona;29/05/2021 10:29;240;29
VOE5615;Jerez;Colonia;14/06/2021 09:25;190;135
RD6896;Berlin;Málaga;16/05/2021 07:57;113;70
RD2367;Oslo;Viena;28/06/2021 11:49;226;36
JK2963;Bérgamo;Bruselas;31/05/2021 08:17;156;64
JK4714;Sevilla;Glasgow;22/06/2021 09:21;182;167
IB7709;Frankfurt;Sevilla;24/06/2021 07:14;221;203
RD8101;Barcelona;Faro;22/05/2021 10:58;70;53
VY5386;Málaga;Barcelona;12/06/2021 09:35;119;20
IB7895;Colonia;Paris;31/05/2021 09:49;172;2
JK7150;Bilbao;Sevilla;19/05/2021 10:24;143;31
VY2508;Faro;Edimburgo;18/05/2021 08:45;115;93
IB3987;Bruselas;Amsterdam;25/06/2021 09:01;201;22
VOE3405;Glasgow;Bérgamo;23/05/2021 08:12;88;18
IB7882;Reikiavik;Sevilla;25/05/2021 10:22;158;85
VOE3729;Santader;Paris;27/05/2021 09:50;194;130
RD8428;Viena;Faro;20/05/2021 07:14;240;223
RD7006;Moscu;Bérgamo;28/05/2021 11:33;78;43
JK5999;Glasgow;Frankfurt;21/06/2021 11:26;208;187
VY3482;Londres;Belgrado;30/05/2021 06:24;211;51
RD1446;Sevilla;Belgrado;25/06/2021 09:42;205;62
VY6725;Lisboa;Bruselas;14/06/2021 07:55;69;46
JK2825;Lisboa;Belgrado;20/06/2021 09:26;246;123
RD1577;Sevilla;Reikiavik;17/05/2021 06:49;222;164
VY8983;Roma;Berlin;31/05/2021 11:07;71;43
IB2027;Dublin;Praga;04/06/2021 10:34;201;149
VY9291;Valencia;Barcelona;10/06/2021 09:46;67;3
IB9868;Bilbao;Viena;07/06/2021 08:41;155;29
JK9291;Faro;Belgrado;21/06/2021 10:19;101;75
IB5756;Bilbao;Málaga;29/05/2021 10:01;194;6
VY4150;Dublin;Oporto;19/05/2021 09:54;120;25
VOE3907;Belgrado;Madrid;27/05/2021 06:01;181;143
JK5330;Colonia;Bilbao;06/06/2021 06:18;248;151
IB6106;Dublin;Berlin;05/06/2021 09:45;70;12
VY5943;Santander;Glasgow;07/06/2021 11:11;57;44
JK5567;Sevilla;Reikiavik;23/05/2021 09:37;206;39
JK8105;Sevilla;Londres;17/06/2021 06:34;220;95
JK2054;Amsterdam;Moscu;21/06/2021 10:29;132;29
VOE7087;Oporto;Viena;23/06/2021 11:12;127;42
IB2177;Reikiavik;Paris;07/06/2021 11:23;191;10
RD6696;Valencia;Oporto;10/06/2021 09:26;121;105
RD3175;Praga;Moscu;21/06/2021 10:03;99;36
RD2424;Oporto;Málaga;11/06/2021 08:53;200;144
JK8994;Glasgow;Lisboa;16/06/2021 09:50;210;101
RD8097;Londres;Edimburgo;26/06/2021 09:40;180;79
IB5835;Amsterdam;Bilbao;22/06/2021 08:13;87;56
IB5700;Faro;Bérgamo;19/06/2021 11:27;121;30
JK8997;Praga;Frankfurt;23/06/2021 06:00;100;79
VY6884;Glasgow;Barcelona;23/06/2021 11:41;53;13
RD6193;Edimburgo;Glasgow;10/06/2021 09:46;69;26
RD5549;Valencia;Santander;01/06/2021 07:06;250;175
IB8086;Valencia;Lisboa;28/05/2021 06:26;226;32
IB1019;Barcelona;Belgrado;24/06/2021 09:38;51;32
JK2408;Barcelona;Amsterdam;23/05/2021 09:13;85;3
IB1273;Málaga;Bilbao;24/06/2021 09:22;166;71
RD7502;Amsterdam;Colonia;29/05/2021 11:10;81;65
